hostname,os,environment,country,node
SSNOR001,Solaris,Staging,Norway,1
LPIRL001,Linux,Production,Ireland,1
ATDEU001,AIX,Testing,Germany,1
SPDEU001,Solaris,Production,Germany,1
ATDEU002,AIX,Testing,Germany,2
HSIRL001,HP-UX,Staging,Ireland,1
LPFRA001,Linux,Production,France,1
LTIRL001,Linux,Testing,Ireland,1
LINOR001,Linux,Integration,Norway,1
LPDEU001,Linux,Production,Germany,1
LPIRL002,Linux,Production,Ireland,2
AIIRL001,AIX,Integration,Ireland,1
SSFRA001,Solaris,Staging,France,1
ASITA001,AIX,Staging,Italy,1
LPESP001,Linux,Production,Spain,1
LPITA001,Linux,Production,Italy,1
ATDEU003,AIX,Testing,Germany,3
SSFRA002,Solaris,Staging,France,2
SSIRL001,Solaris,Staging,Ireland,1
ASFRA001,AIX,Staging,France,1
LTIRL002,Linux,Testing,Ireland,2
HSDEU001,HP-UX,Staging,Germany,1
SSFRA003,Solaris,Staging,France,3
ASITA002,AIX,Staging,Italy,2
LTDEU001,Linux,Testing,Germany,1
SSIRL002,Solaris,Staging,Ireland,2
LTIRL003,Linux,Testing,Ireland,3
LTIRL004,Linux,Testing,Ireland,4
LDIRL001,Linux,Development,Ireland,1
SPITA001,Solaris,Production,Italy,1
HTIRL001,HP-UX,Testing,Ireland,1
LTESP001,Linux,Testing,Spain,1
LPITA002,Linux,Production,Italy,2
HSIRL002,HP-UX,Staging,Ireland,2
LTITA001,Linux,Testing,Italy,1
SPDEU002,Solaris,Production,Germany,2
LTDEU002,Linux,Testing,Germany,2
ASITA003,AIX,Staging,Italy,3
LSDEU001,Linux,Staging,Germany,1
ATDEU004,AIX,Testing,Germany,4
LSIRL001,Linux,Staging,Ireland,1
LIITA001,Linux,Integration,Italy,1
ASFRA002,AIX,Staging,France,2
LTNOR001,Linux,Testing,Norway,1
SSITA001,Solaris,Staging,Italy,1
ASIRL001,AIX,Staging,Ireland,1
SSIRL003,Solaris,Staging,Ireland,3
LSITA001,Linux,Staging,Italy,1
LSITA002,Linux,Staging,Italy,2
LDESP001,Linux,Development,Spain,1
LPESP002,Linux,Production,Spain,2
LSDEU002,Linux,Staging,Germany,2
SIITA001,Solaris,Integration,Italy,1
STDEU001,Solaris,Testing,Germany,1
LTFRA001,Linux,Testing,France,1
LSDEU003,Linux,Staging,Germany,3
ASDEU001,AIX,Staging,Germany,1
LSIRL002,Linux,Staging,Ireland,2
LSESP001,Linux,Staging,Spain,1
SPFRA001,Solaris,Production,France,1
HTDEU001,HP-UX,Testing,Germany,1
ATESP001,AIX,Testing,Spain,1
APESP001,AIX,Production,Spain,1
ADNOR001,AIX,Development,Norway,1
LDDEU001,Linux,Development,Germany,1
LTNOR002,Linux,Testing,Norway,2
SDESP001,Solaris,Development,Spain,1
LTITA002,Linux,Testing,Italy,2
LTITA003,Linux,Testing,Italy,3
APIRL001,AIX,Production,Ireland,1
LIIRL001,Linux,Integration,Ireland,1
LPITA003,Linux,Production,Italy,3
APITA001,AIX,Production,Italy,1
LPDEU002,Linux,Production,Germany,2
HDNOR001,HP-UX,Development,Norway,1
LTESP002,Linux,Testing,Spain,2
HSDEU002,HP-UX,Staging,Germany,2
LINOR002,Linux,Integration,Norway,2
ASDEU002,AIX,Staging,Germany,2
ASIRL002,AIX,Staging,Ireland,2
LSFRA001,Linux,Staging,France,1
ATESP002,AIX,Testing,Spain,2
LDIRL002,Linux,Development,Ireland,2
HIFRA001,HP-UX,Integration,France,1
SSIRL004,Solaris,Staging,Ireland,4
SIDEU001,Solaris,Integration,Germany,1
SSFRA004,Solaris,Staging,France,4
ASIRL003,AIX,Staging,Ireland,3
STIRL001,Solaris,Testing,Ireland,1
LSITA003,Linux,Staging,Italy,3
LDDEU002,Linux,Development,Germany,2
APIRL002,AIX,Production,Ireland,2
LDIRL003,Linux,Development,Ireland,3
LSITA004,Linux,Staging,Italy,4
SPDEU003,Solaris,Production,Germany,3
HSIRL003,HP-UX,Staging,Ireland,3
LPDEU003,Linux,Production,Germany,3
SIIRL001,Solaris,Integration,Ireland,1
ASDEU003,AIX,Staging,Germany,3
ATESP003,AIX,Testing,Spain,3
SSIRL005,Solaris,Staging,Ireland,5
SSFRA005,Solaris,Staging,France,5
ADITA001,AIX,Development,Italy,1
APIRL003,AIX,Production,Ireland,3
LSIRL003,Linux,Staging,Ireland,3
ATESP004,AIX,Testing,Spain,4
SIDEU002,Solaris,Integration,Germany,2
LSIRL004,Linux,Staging,Ireland,4
SPNOR001,Solaris,Production,Norway,1
LTIRL005,Linux,Testing,Ireland,5
HTNOR001,HP-UX,Testing,Norway,1
LTESP003,Linux,Testing,Spain,3
LSIRL005,Linux,Staging,Ireland,5
STIRL002,Solaris,Testing,Ireland,2
LSDEU004,Linux,Staging,Germany,4
LSDEU005,Linux,Staging,Germany,5
LPDEU004,Linux,Production,Germany,4
SDIRL001,Solaris,Development,Ireland,1
STIRL003,Solaris,Testing,Ireland,3
LDIRL004,Linux,Development,Ireland,4
LTIRL006,Linux,Testing,Ireland,6
LPFRA002,Linux,Production,France,2
STDEU002,Solaris,Testing,Germany,2
STIRL004,Solaris,Testing,Ireland,4
ATNOR001,AIX,Testing,Norway,1
LIITA002,Linux,Integration,Italy,2
SPDEU004,Solaris,Production,Germany,4
SPITA002,Solaris,Production,Italy,2
ASDEU004,AIX,Staging,Germany,4
LPITA004,Linux,Production,Italy,4
LPDEU005,Linux,Production,Germany,5
SDITA001,Solaris,Development,Italy,1
ATDEU005,AIX,Testing,Germany,5
ASIRL004,AIX,Staging,Ireland,4
STESP001,Solaris,Testing,Spain,1
LSDEU006,Linux,Staging,Germany,6
SDIRL002,Solaris,Development,Ireland,2
SSIRL006,Solaris,Staging,Ireland,6
SPFRA002,Solaris,Production,France,2
LTIRL007,Linux,Testing,Ireland,7
SPIRL001,Solaris,Production,Ireland,1
LTITA004,Linux,Testing,Italy,4
LTITA005,Linux,Testing,Italy,5
AIDEU001,AIX,Integration,Germany,1
SPIRL002,Solaris,Production,Ireland,2
AIITA001,AIX,Integration,Italy,1
SSNOR002,Solaris,Staging,Norway,2
SDESP002,Solaris,Development,Spain,2
SDESP003,Solaris,Development,Spain,3
LPIRL003,Linux,Production,Ireland,3
LTITA006,Linux,Testing,Italy,6
LTDEU003,Linux,Testing,Germany,3
HPDEU001,HP-UX,Production,Germany,1
APIRL004,AIX,Production,Ireland,4
LSESP002,Linux,Staging,Spain,2
ATIRL001,AIX,Testing,Ireland,1
LDIRL005,Linux,Development,Ireland,5
STESP002,Solaris,Testing,Spain,2
HTDEU002,HP-UX,Testing,Germany,2
STDEU003,Solaris,Testing,Germany,3
STDEU004,Solaris,Testing,Germany,4
LDITA001,Linux,Development,Italy,1
LSESP003,Linux,Staging,Spain,3
APESP002,AIX,Production,Spain,2
LPIRL004,Linux,Production,Ireland,4
LDESP002,Linux,Development,Spain,2
SPDEU005,Solaris,Production,Germany,5
SSIRL007,Solaris,Staging,Ireland,7
LDDEU003,Linux,Development,Germany,3
STESP003,Solaris,Testing,Spain,3
APIRL005,AIX,Production,Ireland,5
SPDEU006,Solaris,Production,Germany,6
LPDEU006,Linux,Production,Germany,6
LTFRA002,Linux,Testing,France,2
SSIRL008,Solaris,Staging,Ireland,8
SDNOR001,Solaris,Development,Norway,1
SPDEU007,Solaris,Production,Germany,7
ASESP001,AIX,Staging,Spain,1
SDIRL003,Solaris,Development,Ireland,3
HSDEU003,HP-UX,Staging,Germany,3
LDIRL006,Linux,Development,Ireland,6
LSITA005,Linux,Staging,Italy,5
SSNOR003,Solaris,Staging,Norway,3
SPITA003,Solaris,Production,Italy,3
LPIRL005,Linux,Production,Ireland,5
STESP004,Solaris,Testing,Spain,4
LPDEU007,Linux,Production,Germany,7
HTIRL002,HP-UX,Testing,Ireland,2
LTESP004,Linux,Testing,Spain,4
SPIRL003,Solaris,Production,Ireland,3
HDESP001,HP-UX,Development,Spain,1
LTITA007,Linux,Testing,Italy,7
APITA002,AIX,Production,Italy,2
SPESP001,Solaris,Production,Spain,1
LPITA005,Linux,Production,Italy,5
HPNOR001,HP-UX,Production,Norway,1
LPIRL006,Linux,Production,Ireland,6
STESP005,Solaris,Testing,Spain,5
LPESP003,Linux,Production,Spain,3
STESP006,Solaris,Testing,Spain,6
LPDEU008,Linux,Production,Germany,8
LSITA006,Linux,Staging,Italy,6
SPFRA003,Solaris,Production,France,3
LPESP004,Linux,Production,Spain,4
HIIRL001,HP-UX,Integration,Ireland,1
LTIRL008,Linux,Testing,Ireland,8
SPESP002,Solaris,Production,Spain,2
LSITA007,Linux,Staging,Italy,7
LPIRL007,Linux,Production,Ireland,7
HTDEU003,HP-UX,Testing,Germany,3
ATFRA001,AIX,Testing,France,1
LTIRL009,Linux,Testing,Ireland,9
ATESP005,AIX,Testing,Spain,5
STDEU005,Solaris,Testing,Germany,5
SPITA004,Solaris,Production,Italy,4
SINOR001,Solaris,Integration,Norway,1
ADIRL001,AIX,Development,Ireland,1
LTESP005,Linux,Testing,Spain,5
LPIRL008,Linux,Production,Ireland,8
SSITA002,Solaris,Staging,Italy,2
ATIRL002,AIX,Testing,Ireland,2
ASDEU005,AIX,Staging,Germany,5
LPIRL009,Linux,Production,Ireland,9
LTIRL010,Linux,Testing,Ireland,10
ASIRL005,AIX,Staging,Ireland,5
SSFRA006,Solaris,Staging,France,6
ASNOR001,AIX,Staging,Norway,1
HDESP002,HP-UX,Development,Spain,2
LTDEU004,Linux,Testing,Germany,4
ATESP006,AIX,Testing,Spain,6
LPIRL010,Linux,Production,Ireland,10
LSDEU007,Linux,Staging,Germany,7
LPITA006,Linux,Production,Italy,6
LDIRL007,Linux,Development,Ireland,7
HIESP001,HP-UX,Integration,Spain,1
ADFRA001,AIX,Development,France,1
LPDEU009,Linux,Production,Germany,9
SDITA002,Solaris,Development,Italy,2
SPNOR002,Solaris,Production,Norway,2
STIRL005,Solaris,Testing,Ireland,5
STNOR001,Solaris,Testing,Norway,1
ASDEU006,AIX,Staging,Germany,6
LDITA002,Linux,Development,Italy,2
STFRA001,Solaris,Testing,France,1
APFRA001,AIX,Production,France,1
HSFRA001,HP-UX,Staging,France,1
ATESP007,AIX,Testing,Spain,7
APITA003,AIX,Production,Italy,3
APDEU001,AIX,Production,Germany,1
SIIRL002,Solaris,Integration,Ireland,2
APIRL006,AIX,Production,Ireland,6
LIITA003,Linux,Integration,Italy,3
SPESP003,Solaris,Production,Spain,3
LSITA008,Linux,Staging,Italy,8
LTESP006,Linux,Testing,Spain,6
LDESP003,Linux,Development,Spain,3
SPDEU008,Solaris,Production,Germany,8
STESP007,Solaris,Testing,Spain,7
LTDEU005,Linux,Testing,Germany,5
LSDEU008,Linux,Staging,Germany,8
LPIRL011,Linux,Production,Ireland,11
STIRL006,Solaris,Testing,Ireland,6
LPIRL012,Linux,Production,Ireland,12
HPFRA001,HP-UX,Production,France,1
HSNOR001,HP-UX,Staging,Norway,1
HPDEU002,HP-UX,Production,Germany,2
SSIRL009,Solaris,Staging,Ireland,9
LPIRL013,Linux,Production,Ireland,13
LSIRL006,Linux,Staging,Ireland,6
SPNOR003,Solaris,Production,Norway,3
HSNOR002,HP-UX,Staging,Norway,2
LSIRL007,Linux,Staging,Ireland,7
LPIRL014,Linux,Production,Ireland,14
STIRL007,Solaris,Testing,Ireland,7
HPDEU003,HP-UX,Production,Germany,3
LPIRL015,Linux,Production,Ireland,15
STESP008,Solaris,Testing,Spain,8
LPIRL016,Linux,Production,Ireland,16
LPDEU010,Linux,Production,Germany,10
SSDEU001,Solaris,Staging,Germany,1
ATIRL003,AIX,Testing,Ireland,3
ASESP002,AIX,Staging,Spain,2
APESP003,AIX,Production,Spain,3
SSESP001,Solaris,Staging,Spain,1
HSESP001,HP-UX,Staging,Spain,1
STIRL008,Solaris,Testing,Ireland,8
LSDEU009,Linux,Staging,Germany,9
HPIRL001,HP-UX,Production,Ireland,1
SPNOR004,Solaris,Production,Norway,4
ATESP008,AIX,Testing,Spain,8
SDDEU001,Solaris,Development,Germany,1
ASITA004,AIX,Staging,Italy,4
HDITA001,HP-UX,Development,Italy,1
SIITA002,Solaris,Integration,Italy,2
ADDEU001,AIX,Development,Germany,1
ADIRL002,AIX,Development,Ireland,2
LDDEU004,Linux,Development,Germany,4
SPDEU009,Solaris,Production,Germany,9
ADESP001,AIX,Development,Spain,1
LTFRA003,Linux,Testing,France,3
ATDEU006,AIX,Testing,Germany,6
ATESP009,AIX,Testing,Spain,9
HSDEU004,HP-UX,Staging,Germany,4
HSIRL004,HP-UX,Staging,Ireland,4
SPIRL004,Solaris,Production,Ireland,4
HPDEU004,HP-UX,Production,Germany,4
STIRL009,Solaris,Testing,Ireland,9
APITA004,AIX,Production,Italy,4
LTDEU006,Linux,Testing,Germany,6
ASESP003,AIX,Staging,Spain,3
LTIRL011,Linux,Testing,Ireland,11
SSDEU002,Solaris,Staging,Germany,2
LSITA009,Linux,Staging,Italy,9
LPESP005,Linux,Production,Spain,5
ASFRA003,AIX,Staging,France,3
LDITA003,Linux,Development,Italy,3
SIDEU003,Solaris,Integration,Germany,3
STESP009,Solaris,Testing,Spain,9
AIITA002,AIX,Integration,Italy,2
AIIRL002,AIX,Integration,Ireland,2
SDESP004,Solaris,Development,Spain,4
LIIRL002,Linux,Integration,Ireland,2
AINOR001,AIX,Integration,Norway,1
SDESP005,Solaris,Development,Spain,5
LPFRA003,Linux,Production,France,3
SSDEU003,Solaris,Staging,Germany,3
HPIRL002,HP-UX,Production,Ireland,2
LTESP007,Linux,Testing,Spain,7
ADIRL003,AIX,Development,Ireland,3
LSIRL008,Linux,Staging,Ireland,8
SSESP002,Solaris,Staging,Spain,2
APIRL007,AIX,Production,Ireland,7
AIESP001,AIX,Integration,Spain,1
LTIRL012,Linux,Testing,Ireland,12
LPESP006,Linux,Production,Spain,6
SPDEU010,Solaris,Production,Germany,10
SSESP003,Solaris,Staging,Spain,3
LSITA010,Linux,Staging,Italy,10
HIIRL002,HP-UX,Integration,Ireland,2
LDFRA001,Linux,Development,France,1
SPIRL005,Solaris,Production,Ireland,5
LPDEU011,Linux,Production,Germany,11
LTIRL013,Linux,Testing,Ireland,13
LTITA008,Linux,Testing,Italy,8
LPDEU012,Linux,Production,Germany,12
LPIRL017,Linux,Production,Ireland,17
LTESP008,Linux,Testing,Spain,8
STFRA002,Solaris,Testing,France,2
HSDEU005,HP-UX,Staging,Germany,5
ATFRA002,AIX,Testing,France,2
LPIRL018,Linux,Production,Ireland,18
SPIRL006,Solaris,Production,Ireland,6
HSESP002,HP-UX,Staging,Spain,2
LTIRL014,Linux,Testing,Ireland,14
LPIRL019,Linux,Production,Ireland,19
SPDEU011,Solaris,Production,Germany,11
SPIRL007,Solaris,Production,Ireland,7
LTESP009,Linux,Testing,Spain,9
APESP004,AIX,Production,Spain,4
LTDEU007,Linux,Testing,Germany,7
APDEU002,AIX,Production,Germany,2
HPIRL003,HP-UX,Production,Ireland,3
STDEU006,Solaris,Testing,Germany,6
SSIRL010,Solaris,Staging,Ireland,10
LTIRL015,Linux,Testing,Ireland,15
LSITA011,Linux,Staging,Italy,11
LDESP004,Linux,Development,Spain,4
SPDEU012,Solaris,Production,Germany,12
SPDEU013,Solaris,Production,Germany,13
SSIRL011,Solaris,Staging,Ireland,11
LTIRL016,Linux,Testing,Ireland,16
APESP005,AIX,Production,Spain,5
LTITA009,Linux,Testing,Italy,9
STDEU007,Solaris,Testing,Germany,7
ATIRL004,AIX,Testing,Ireland,4
APDEU003,AIX,Production,Germany,3
LIDEU001,Linux,Integration,Germany,1
SSITA003,Solaris,Staging,Italy,3
LDIRL008,Linux,Development,Ireland,8
ASIRL006,AIX,Staging,Ireland,6
SPNOR005,Solaris,Production,Norway,5
HTITA001,HP-UX,Testing,Italy,1
LTDEU008,Linux,Testing,Germany,8
APIRL008,AIX,Production,Ireland,8
ATITA001,AIX,Testing,Italy,1
LPFRA004,Linux,Production,France,4
ATDEU007,AIX,Testing,Germany,7
APDEU004,AIX,Production,Germany,4
STESP010,Solaris,Testing,Spain,10
AIIRL003,AIX,Integration,Ireland,3
LSIRL009,Linux,Staging,Ireland,9
LSIRL010,Linux,Staging,Ireland,10
HIDEU001,HP-UX,Integration,Germany,1
HTIRL003,HP-UX,Testing,Ireland,3
ADIRL004,AIX,Development,Ireland,4
STDEU008,Solaris,Testing,Germany,8
STIRL010,Solaris,Testing,Ireland,10
SSDEU004,Solaris,Staging,Germany,4
STDEU009,Solaris,Testing,Germany,9
HSESP003,HP-UX,Staging,Spain,3
APIRL009,AIX,Production,Ireland,9
ATESP010,AIX,Testing,Spain,10
STDEU010,Solaris,Testing,Germany,10
LTIRL017,Linux,Testing,Ireland,17
SSDEU005,Solaris,Staging,Germany,5
LDIRL009,Linux,Development,Ireland,9
ASIRL007,AIX,Staging,Ireland,7
LPESP007,Linux,Production,Spain,7
LSIRL011,Linux,Staging,Ireland,11
STDEU011,Solaris,Testing,Germany,11
LTDEU009,Linux,Testing,Germany,9
ATDEU008,AIX,Testing,Germany,8
SPESP004,Solaris,Production,Spain,4
STNOR002,Solaris,Testing,Norway,2
HSFRA002,HP-UX,Staging,France,2
ASFRA004,AIX,Staging,France,4
LPESP008,Linux,Production,Spain,8
ATDEU009,AIX,Testing,Germany,9
ATIRL005,AIX,Testing,Ireland,5
HTITA002,HP-UX,Testing,Italy,2
LPESP009,Linux,Production,Spain,9
HDFRA001,HP-UX,Development,France,1
APESP006,AIX,Production,Spain,6
LTNOR003,Linux,Testing,Norway,3
APFRA002,AIX,Production,France,2
LSIRL012,Linux,Staging,Ireland,12
LTITA010,Linux,Testing,Italy,10
LIIRL003,Linux,Integration,Ireland,3
HTDEU004,HP-UX,Testing,Germany,4
LSDEU010,Linux,Staging,Germany,10
STFRA003,Solaris,Testing,France,3
LPESP010,Linux,Production,Spain,10
HPDEU005,HP-UX,Production,Germany,5
LTDEU010,Linux,Testing,Germany,10
LTDEU011,Linux,Testing,Germany,11
LTDEU012,Linux,Testing,Germany,12
STIRL011,Solaris,Testing,Ireland,11
SPESP005,Solaris,Production,Spain,5
LSIRL013,Linux,Staging,Ireland,13
SPIRL008,Solaris,Production,Ireland,8
ASDEU007,AIX,Staging,Germany,7
SSITA004,Solaris,Staging,Italy,4
LDIRL010,Linux,Development,Ireland,10
SDFRA001,Solaris,Development,France,1
SPESP006,Solaris,Production,Spain,6
SPESP007,Solaris,Production,Spain,7
LTIRL018,Linux,Testing,Ireland,18
STIRL012,Solaris,Testing,Ireland,12
STITA001,Solaris,Testing,Italy,1
LIDEU002,Linux,Integration,Germany,2
SIDEU004,Solaris,Integration,Germany,4
ATIRL006,AIX,Testing,Ireland,6
LSITA012,Linux,Staging,Italy,12
HDITA002,HP-UX,Development,Italy,2
ASIRL008,AIX,Staging,Ireland,8
STDEU012,Solaris,Testing,Germany,12
SINOR002,Solaris,Integration,Norway,2
LPDEU013,Linux,Production,Germany,13
LTIRL019,Linux,Testing,Ireland,19
SSESP004,Solaris,Staging,Spain,4
LIITA004,Linux,Integration,Italy,4
LDIRL011,Linux,Development,Ireland,11
SPFRA004,Solaris,Production,France,4
HIESP002,HP-UX,Integration,Spain,2
LDDEU005,Linux,Development,Germany,5
HDITA003,HP-UX,Development,Italy,3
SIIRL003,Solaris,Integration,Ireland,3
LIESP001,Linux,Integration,Spain,1
STDEU013,Solaris,Testing,Germany,13
SSITA005,Solaris,Staging,Italy,5
SIIRL004,Solaris,Integration,Ireland,4
ADITA002,AIX,Development,Italy,2
LTIRL020,Linux,Testing,Ireland,20
LTESP010,Linux,Testing,Spain,10
STFRA004,Solaris,Testing,France,4
HPIRL004,HP-UX,Production,Ireland,4
SSITA006,Solaris,Staging,Italy,6
ASESP004,AIX,Staging,Spain,4
APDEU005,AIX,Production,Germany,5
STIRL013,Solaris,Testing,Ireland,13
SPDEU014,Solaris,Production,Germany,14
SSESP005,Solaris,Staging,Spain,5
STIRL014,Solaris,Testing,Ireland,14
LTITA011,Linux,Testing,Italy,11
HPIRL005,HP-UX,Production,Ireland,5
SSITA007,Solaris,Staging,Italy,7
ASIRL009,AIX,Staging,Ireland,9
HPESP001,HP-UX,Production,Spain,1
LPDEU014,Linux,Production,Germany,14
SSIRL012,Solaris,Staging,Ireland,12
LSDEU011,Linux,Staging,Germany,11
SPFRA005,Solaris,Production,France,5
LSDEU012,Linux,Staging,Germany,12
LPIRL020,Linux,Production,Ireland,20
HDFRA002,HP-UX,Development,France,2
LPESP011,Linux,Production,Spain,11
STITA002,Solaris,Testing,Italy,2
HTFRA001,HP-UX,Testing,France,1
LTIRL021,Linux,Testing,Ireland,21
SDIRL004,Solaris,Development,Ireland,4
LSIRL014,Linux,Staging,Ireland,14
LTIRL022,Linux,Testing,Ireland,22
LDNOR001,Linux,Development,Norway,1
ATITA002,AIX,Testing,Italy,2
SPDEU015,Solaris,Production,Germany,15
LTITA012,Linux,Testing,Italy,12
LDDEU006,Linux,Development,Germany,6
LSFRA002,Linux,Staging,France,2
SSESP006,Solaris,Staging,Spain,6
LPNOR001,Linux,Production,Norway,1
LPESP012,Linux,Production,Spain,12
STIRL015,Solaris,Testing,Ireland,15
LTNOR004,Linux,Testing,Norway,4
LPDEU015,Linux,Production,Germany,15
STIRL016,Solaris,Testing,Ireland,16
ATDEU010,AIX,Testing,Germany,10
LTIRL023,Linux,Testing,Ireland,23
LIIRL004,Linux,Integration,Ireland,4
HPDEU006,HP-UX,Production,Germany,6
LTIRL024,Linux,Testing,Ireland,24
HSIRL005,HP-UX,Staging,Ireland,5
APESP007,AIX,Production,Spain,7
HTESP001,HP-UX,Testing,Spain,1
LPDEU016,Linux,Production,Germany,16
SPESP008,Solaris,Production,Spain,8
LSIRL015,Linux,Staging,Ireland,15
HTIRL004,HP-UX,Testing,Ireland,4
ATFRA003,AIX,Testing,France,3
SDIRL005,Solaris,Development,Ireland,5
HSNOR003,HP-UX,Staging,Norway,3
ATIRL007,AIX,Testing,Ireland,7
ASFRA005,AIX,Staging,France,5
STDEU014,Solaris,Testing,Germany,14
HSIRL006,HP-UX,Staging,Ireland,6
LSESP004,Linux,Staging,Spain,4
LTITA013,Linux,Testing,Italy,13
LTDEU013,Linux,Testing,Germany,13
APNOR001,AIX,Production,Norway,1
ASESP005,AIX,Staging,Spain,5
AIDEU002,AIX,Integration,Germany,2
HTIRL005,HP-UX,Testing,Ireland,5
LTDEU014,Linux,Testing,Germany,14
LSESP005,Linux,Staging,Spain,5
STNOR003,Solaris,Testing,Norway,3
LPITA007,Linux,Production,Italy,7
LDDEU007,Linux,Development,Germany,7
STDEU015,Solaris,Testing,Germany,15
SSESP007,Solaris,Staging,Spain,7
LPFRA005,Linux,Production,France,5
SDITA003,Solaris,Development,Italy,3
STIRL017,Solaris,Testing,Ireland,17
STITA003,Solaris,Testing,Italy,3
APNOR002,AIX,Production,Norway,2
ADNOR002,AIX,Development,Norway,2
LDDEU008,Linux,Development,Germany,8
AINOR002,AIX,Integration,Norway,2
LINOR003,Linux,Integration,Norway,3
LDDEU009,Linux,Development,Germany,9
APFRA003,AIX,Production,France,3
LSITA013,Linux,Staging,Italy,13
LIIRL005,Linux,Integration,Ireland,5
SPDEU016,Solaris,Production,Germany,16
SPIRL009,Solaris,Production,Ireland,9
LPITA008,Linux,Production,Italy,8
AIESP002,AIX,Integration,Spain,2
SPDEU017,Solaris,Production,Germany,17
ASIRL010,AIX,Staging,Ireland,10
LIDEU003,Linux,Integration,Germany,3
HDNOR002,HP-UX,Development,Norway,2
SPESP009,Solaris,Production,Spain,9
ADITA003,AIX,Development,Italy,3
SIESP001,Solaris,Integration,Spain,1
LPIRL021,Linux,Production,Ireland,21
LPIRL022,Linux,Production,Ireland,22
LPDEU017,Linux,Production,Germany,17
SIIRL005,Solaris,Integration,Ireland,5
LSIRL016,Linux,Staging,Ireland,16
SPESP010,Solaris,Production,Spain,10
LSIRL017,Linux,Staging,Ireland,17
STDEU016,Solaris,Testing,Germany,16
SSDEU006,Solaris,Staging,Germany,6
HSDEU006,HP-UX,Staging,Germany,6
LPESP013,Linux,Production,Spain,13
HPITA001,HP-UX,Production,Italy,1
STITA004,Solaris,Testing,Italy,4
LPDEU018,Linux,Production,Germany,18
SPESP011,Solaris,Production,Spain,11
SPITA005,Solaris,Production,Italy,5
STDEU017,Solaris,Testing,Germany,17
LTITA014,Linux,Testing,Italy,14
SIFRA001,Solaris,Integration,France,1
HPIRL006,HP-UX,Production,Ireland,6
LPITA009,Linux,Production,Italy,9
SSNOR004,Solaris,Staging,Norway,4
SPIRL010,Solaris,Production,Ireland,10
SDIRL006,Solaris,Development,Ireland,6
LSNOR001,Linux,Staging,Norway,1
SSNOR005,Solaris,Staging,Norway,5
LPDEU019,Linux,Production,Germany,19
HIESP003,HP-UX,Integration,Spain,3
SSESP008,Solaris,Staging,Spain,8
LSITA014,Linux,Staging,Italy,14
LPESP014,Linux,Production,Spain,14
ATDEU011,AIX,Testing,Germany,11
LTDEU015,Linux,Testing,Germany,15
LPIRL023,Linux,Production,Ireland,23
HSIRL007,HP-UX,Staging,Ireland,7
LTESP011,Linux,Testing,Spain,11
LDDEU010,Linux,Development,Germany,10
LTIRL025,Linux,Testing,Ireland,25
APESP008,AIX,Production,Spain,8
HDFRA003,HP-UX,Development,France,3
AIIRL004,AIX,Integration,Ireland,4
LPESP015,Linux,Production,Spain,15
SIIRL006,Solaris,Integration,Ireland,6
ATITA003,AIX,Testing,Italy,3
STIRL018,Solaris,Testing,Ireland,18
APIRL010,AIX,Production,Ireland,10
LPNOR002,Linux,Production,Norway,2
APIRL011,AIX,Production,Ireland,11
ADIRL005,AIX,Development,Ireland,5
LTIRL026,Linux,Testing,Ireland,26
LSNOR002,Linux,Staging,Norway,2
AIFRA001,AIX,Integration,France,1
LDIRL012,Linux,Development,Ireland,12
LSNOR003,Linux,Staging,Norway,3
SPIRL011,Solaris,Production,Ireland,11
SSIRL013,Solaris,Staging,Ireland,13
STIRL019,Solaris,Testing,Ireland,19
LTIRL027,Linux,Testing,Ireland,27
ATFRA004,AIX,Testing,France,4
SPDEU018,Solaris,Production,Germany,18
LSIRL018,Linux,Staging,Ireland,18
LTDEU016,Linux,Testing,Germany,16
SSIRL014,Solaris,Staging,Ireland,14
SSDEU007,Solaris,Staging,Germany,7
SIFRA002,Solaris,Integration,France,2
LTDEU017,Linux,Testing,Germany,17
SSNOR006,Solaris,Staging,Norway,6
LPIRL024,Linux,Production,Ireland,24
ASIRL011,AIX,Staging,Ireland,11
ATESP011,AIX,Testing,Spain,11
SPITA006,Solaris,Production,Italy,6
STDEU018,Solaris,Testing,Germany,18
SSIRL015,Solaris,Staging,Ireland,15
LDDEU011,Linux,Development,Germany,11
APIRL012,AIX,Production,Ireland,12
SSDEU008,Solaris,Staging,Germany,8
SSIRL016,Solaris,Staging,Ireland,16
SSDEU009,Solaris,Staging,Germany,9
LPIRL025,Linux,Production,Ireland,25
LSIRL019,Linux,Staging,Ireland,19
STITA005,Solaris,Testing,Italy,5
LTIRL028,Linux,Testing,Ireland,28
LSITA015,Linux,Staging,Italy,15
SPDEU019,Solaris,Production,Germany,19
STDEU019,Solaris,Testing,Germany,19
LSITA016,Linux,Staging,Italy,16
LDESP005,Linux,Development,Spain,5
SDESP006,Solaris,Development,Spain,6
LPNOR003,Linux,Production,Norway,3
LTDEU018,Linux,Testing,Germany,18
LTESP012,Linux,Testing,Spain,12
LPDEU020,Linux,Production,Germany,20
SSNOR007,Solaris,Staging,Norway,7
SPIRL012,Solaris,Production,Ireland,12
LTIRL029,Linux,Testing,Ireland,29
SDDEU002,Solaris,Development,Germany,2
STITA006,Solaris,Testing,Italy,6
APDEU006,AIX,Production,Germany,6
HTFRA002,HP-UX,Testing,France,2
SPIRL013,Solaris,Production,Ireland,13
LPNOR004,Linux,Production,Norway,4
SSFRA007,Solaris,Staging,France,7
LTIRL030,Linux,Testing,Ireland,30
SSDEU010,Solaris,Staging,Germany,10
LTIRL031,Linux,Testing,Ireland,31
SSIRL017,Solaris,Staging,Ireland,17
LPITA010,Linux,Production,Italy,10
HTFRA003,HP-UX,Testing,France,3
SIDEU005,Solaris,Integration,Germany,5
APITA005,AIX,Production,Italy,5
SSIRL018,Solaris,Staging,Ireland,18
LSDEU013,Linux,Staging,Germany,13
SPESP012,Solaris,Production,Spain,12
LIITA005,Linux,Integration,Italy,5
LDIRL013,Linux,Development,Ireland,13
SDITA004,Solaris,Development,Italy,4
SIIRL007,Solaris,Integration,Ireland,7
APESP009,AIX,Production,Spain,9
LPESP016,Linux,Production,Spain,16
LDDEU012,Linux,Development,Germany,12
LTIRL032,Linux,Testing,Ireland,32
STESP011,Solaris,Testing,Spain,11
LSITA017,Linux,Staging,Italy,17
STESP012,Solaris,Testing,Spain,12
LTDEU019,Linux,Testing,Germany,19
ASITA005,AIX,Staging,Italy,5
LTDEU020,Linux,Testing,Germany,20
LPITA011,Linux,Production,Italy,11
SDDEU003,Solaris,Development,Germany,3
LSITA018,Linux,Staging,Italy,18
LTESP013,Linux,Testing,Spain,13
SDITA005,Solaris,Development,Italy,5
LPDEU021,Linux,Production,Germany,21
SSDEU011,Solaris,Staging,Germany,11
LSDEU014,Linux,Staging,Germany,14
LSDEU015,Linux,Staging,Germany,15
APDEU007,AIX,Production,Germany,7
LTESP014,Linux,Testing,Spain,14
ATDEU012,AIX,Testing,Germany,12
LPIRL026,Linux,Production,Ireland,26
LTFRA004,Linux,Testing,France,4
SIESP002,Solaris,Integration,Spain,2
SSITA008,Solaris,Staging,Italy,8
SSDEU012,Solaris,Staging,Germany,12
SIIRL008,Solaris,Integration,Ireland,8
LIIRL006,Linux,Integration,Ireland,6
LPIRL027,Linux,Production,Ireland,27
AIDEU003,AIX,Integration,Germany,3
LSNOR004,Linux,Staging,Norway,4
LTFRA005,Linux,Testing,France,5
SDNOR002,Solaris,Development,Norway,2
SSESP009,Solaris,Staging,Spain,9
HDIRL001,HP-UX,Development,Ireland,1
SIIRL009,Solaris,Integration,Ireland,9
SDDEU004,Solaris,Development,Germany,4
SSDEU013,Solaris,Staging,Germany,13
HSDEU007,HP-UX,Staging,Germany,7
APDEU008,AIX,Production,Germany,8
SIDEU006,Solaris,Integration,Germany,6
LPIRL028,Linux,Production,Ireland,28
ATDEU013,AIX,Testing,Germany,13
HPESP002,HP-UX,Production,Spain,2
SSIRL019,Solaris,Staging,Ireland,19
HSITA001,HP-UX,Staging,Italy,1
LDIRL014,Linux,Development,Ireland,14
APFRA004,AIX,Production,France,4
SSFRA008,Solaris,Staging,France,8
ATESP012,AIX,Testing,Spain,12
LPESP017,Linux,Production,Spain,17
SPDEU020,Solaris,Production,Germany,20
LPIRL029,Linux,Production,Ireland,29
LSDEU016,Linux,Staging,Germany,16
ATIRL008,AIX,Testing,Ireland,8
APIRL013,AIX,Production,Ireland,13
LPDEU022,Linux,Production,Germany,22
LDFRA002,Linux,Development,France,2
LPESP018,Linux,Production,Spain,18
STIRL020,Solaris,Testing,Ireland,20
LPESP019,Linux,Production,Spain,19
SIITA003,Solaris,Integration,Italy,3
LSIRL020,Linux,Staging,Ireland,20
LTIRL033,Linux,Testing,Ireland,33
HPESP003,HP-UX,Production,Spain,3
LSDEU017,Linux,Staging,Germany,17
LTESP015,Linux,Testing,Spain,15
LIIRL007,Linux,Integration,Ireland,7
APDEU009,AIX,Production,Germany,9
LPITA012,Linux,Production,Italy,12
LSDEU018,Linux,Staging,Germany,18
SDIRL007,Solaris,Development,Ireland,7
LDDEU013,Linux,Development,Germany,13
LPIRL030,Linux,Production,Ireland,30
APIRL014,AIX,Production,Ireland,14
LPNOR005,Linux,Production,Norway,5
SPIRL014,Solaris,Production,Ireland,14
SSESP010,Solaris,Staging,Spain,10
ASDEU008,AIX,Staging,Germany,8
SPIRL015,Solaris,Production,Ireland,15
APIRL015,AIX,Production,Ireland,15
SSESP011,Solaris,Staging,Spain,11
SPIRL016,Solaris,Production,Ireland,16
APESP010,AIX,Production,Spain,10
LTESP016,Linux,Testing,Spain,16
ATDEU014,AIX,Testing,Germany,14
LPIRL031,Linux,Production,Ireland,31
LPIRL032,Linux,Production,Ireland,32
SSDEU014,Solaris,Staging,Germany,14
LDITA004,Linux,Development,Italy,4
LPESP020,Linux,Production,Spain,20
SSIRL020,Solaris,Staging,Ireland,20
ADESP002,AIX,Development,Spain,2
APIRL016,AIX,Production,Ireland,16
LPITA013,Linux,Production,Italy,13
LSNOR005,Linux,Staging,Norway,5
ATITA004,AIX,Testing,Italy,4
SPIRL017,Solaris,Production,Ireland,17
LIIRL008,Linux,Integration,Ireland,8
HPDEU007,HP-UX,Production,Germany,7
ASIRL012,AIX,Staging,Ireland,12
ADDEU002,AIX,Development,Germany,2
LSDEU019,Linux,Staging,Germany,19
LTITA015,Linux,Testing,Italy,15
HDIRL002,HP-UX,Development,Ireland,2
LSDEU020,Linux,Staging,Germany,20
ATIRL009,AIX,Testing,Ireland,9
LTDEU021,Linux,Testing,Germany,21
LIIRL009,Linux,Integration,Ireland,9
LSIRL021,Linux,Staging,Ireland,21
ADIRL006,AIX,Development,Ireland,6
LSIRL022,Linux,Staging,Ireland,22
SSDEU015,Solaris,Staging,Germany,15
HSESP004,HP-UX,Staging,Spain,4
LPIRL033,Linux,Production,Ireland,33
AIIRL005,AIX,Integration,Ireland,5
HDFRA004,HP-UX,Development,France,4
LIFRA001,Linux,Integration,France,1
HPDEU008,HP-UX,Production,Germany,8
SSDEU016,Solaris,Staging,Germany,16
ATFRA005,AIX,Testing,France,5
HINOR001,HP-UX,Integration,Norway,1
LPESP021,Linux,Production,Spain,21
LPIRL034,Linux,Production,Ireland,34
APNOR003,AIX,Production,Norway,3
LTESP017,Linux,Testing,Spain,17
APDEU010,AIX,Production,Germany,10
SSDEU017,Solaris,Staging,Germany,17
LDESP006,Linux,Development,Spain,6
HPDEU009,HP-UX,Production,Germany,9
LDESP007,Linux,Development,Spain,7
AINOR003,AIX,Integration,Norway,3
STIRL021,Solaris,Testing,Ireland,21
SDDEU005,Solaris,Development,Germany,5
ASDEU009,AIX,Staging,Germany,9
ATESP013,AIX,Testing,Spain,13
APDEU011,AIX,Production,Germany,11
LSESP006,Linux,Staging,Spain,6
SSESP012,Solaris,Staging,Spain,12
SDIRL008,Solaris,Development,Ireland,8
LSIRL023,Linux,Staging,Ireland,23
ATIRL010,AIX,Testing,Ireland,10
SDITA006,Solaris,Development,Italy,6
SSITA009,Solaris,Staging,Italy,9
LSDEU021,Linux,Staging,Germany,21
LPNOR006,Linux,Production,Norway,6
STITA007,Solaris,Testing,Italy,7
ASITA006,AIX,Staging,Italy,6
LDFRA003,Linux,Development,France,3
LIIRL010,Linux,Integration,Ireland,10
SDIRL009,Solaris,Development,Ireland,9
LTFRA006,Linux,Testing,France,6
LTITA016,Linux,Testing,Italy,16
LPIRL035,Linux,Production,Ireland,35
LTIRL034,Linux,Testing,Ireland,34
LIIRL011,Linux,Integration,Ireland,11
LSESP007,Linux,Staging,Spain,7
SDIRL010,Solaris,Development,Ireland,10
LTIRL035,Linux,Testing,Ireland,35
LPDEU023,Linux,Production,Germany,23
APDEU012,AIX,Production,Germany,12
SSIRL021,Solaris,Staging,Ireland,21
APESP011,AIX,Production,Spain,11
HPDEU010,HP-UX,Production,Germany,10
LIESP002,Linux,Integration,Spain,2
LPITA014,Linux,Production,Italy,14
LIDEU004,Linux,Integration,Germany,4
LTIRL036,Linux,Testing,Ireland,36
LPIRL036,Linux,Production,Ireland,36
APIRL017,AIX,Production,Ireland,17
LDIRL015,Linux,Development,Ireland,15
LTESP018,Linux,Testing,Spain,18
STDEU020,Solaris,Testing,Germany,20
SPESP013,Solaris,Production,Spain,13
APIRL018,AIX,Production,Ireland,18
STDEU021,Solaris,Testing,Germany,21
STITA008,Solaris,Testing,Italy,8
LPIRL037,Linux,Production,Ireland,37
SPITA007,Solaris,Production,Italy,7
STIRL022,Solaris,Testing,Ireland,22
STIRL023,Solaris,Testing,Ireland,23
LPIRL038,Linux,Production,Ireland,38
LTNOR005,Linux,Testing,Norway,5
LPIRL039,Linux,Production,Ireland,39
LDITA005,Linux,Development,Italy,5
LSESP008,Linux,Staging,Spain,8
LPITA015,Linux,Production,Italy,15
HSESP005,HP-UX,Staging,Spain,5
SPIRL018,Solaris,Production,Ireland,18
LSIRL024,Linux,Staging,Ireland,24
HDNOR003,HP-UX,Development,Norway,3
LSIRL025,Linux,Staging,Ireland,25
LTESP019,Linux,Testing,Spain,19
LSNOR006,Linux,Staging,Norway,6
LSIRL026,Linux,Staging,Ireland,26
SIIRL010,Solaris,Integration,Ireland,10
LDDEU014,Linux,Development,Germany,14
LTFRA007,Linux,Testing,France,7
LSFRA003,Linux,Staging,France,3
LSESP009,Linux,Staging,Spain,9
ASITA007,AIX,Staging,Italy,7
LPESP022,Linux,Production,Spain,22
HTDEU005,HP-UX,Testing,Germany,5
LPIRL040,Linux,Production,Ireland,40
LTDEU022,Linux,Testing,Germany,22
SDDEU006,Solaris,Development,Germany,6
STFRA005,Solaris,Testing,France,5
SPESP014,Solaris,Production,Spain,14
LIIRL012,Linux,Integration,Ireland,12
LIDEU005,Linux,Integration,Germany,5
LPFRA006,Linux,Production,France,6
SIITA004,Solaris,Integration,Italy,4
ATESP014,AIX,Testing,Spain,14
STIRL024,Solaris,Testing,Ireland,24
LDITA006,Linux,Development,Italy,6
HSDEU008,HP-UX,Staging,Germany,8
APITA006,AIX,Production,Italy,6
LSIRL027,Linux,Staging,Ireland,27
AIESP003,AIX,Integration,Spain,3
SDESP007,Solaris,Development,Spain,7
HDDEU001,HP-UX,Development,Germany,1
APIRL019,AIX,Production,Ireland,19
APIRL020,AIX,Production,Ireland,20
HPDEU011,HP-UX,Production,Germany,11
LTIRL037,Linux,Testing,Ireland,37
APDEU013,AIX,Production,Germany,13
HIIRL003,HP-UX,Integration,Ireland,3
SSESP013,Solaris,Staging,Spain,13
LDESP008,Linux,Development,Spain,8
LPDEU024,Linux,Production,Germany,24
LSDEU022,Linux,Staging,Germany,22
HSITA002,HP-UX,Staging,Italy,2
LTFRA008,Linux,Testing,France,8
HPIRL007,HP-UX,Production,Ireland,7
ATDEU015,AIX,Testing,Germany,15
HTNOR002,HP-UX,Testing,Norway,2
SPIRL019,Solaris,Production,Ireland,19
STDEU022,Solaris,Testing,Germany,22
SDITA007,Solaris,Development,Italy,7
ADFRA002,AIX,Development,France,2
SPIRL020,Solaris,Production,Ireland,20
LPFRA007,Linux,Production,France,7
ASESP006,AIX,Staging,Spain,6
SPIRL021,Solaris,Production,Ireland,21
APIRL021,AIX,Production,Ireland,21
LTITA017,Linux,Testing,Italy,17
LIITA006,Linux,Integration,Italy,6
ATITA005,AIX,Testing,Italy,5
LPITA016,Linux,Production,Italy,16
LTIRL038,Linux,Testing,Ireland,38
SSDEU018,Solaris,Staging,Germany,18
LIIRL013,Linux,Integration,Ireland,13
ASNOR002,AIX,Staging,Norway,2
SPIRL022,Solaris,Production,Ireland,22
SPESP015,Solaris,Production,Spain,15
APNOR004,AIX,Production,Norway,4
LPFRA008,Linux,Production,France,8
LSIRL028,Linux,Staging,Ireland,28
SSIRL022,Solaris,Staging,Ireland,22
SPDEU021,Solaris,Production,Germany,21
SSITA010,Solaris,Staging,Italy,10
HSITA003,HP-UX,Staging,Italy,3
SPESP016,Solaris,Production,Spain,16
LPNOR007,Linux,Production,Norway,7
LTITA018,Linux,Testing,Italy,18
LSIRL029,Linux,Staging,Ireland,29
ADIRL007,AIX,Development,Ireland,7
APIRL022,AIX,Production,Ireland,22
LIESP003,Linux,Integration,Spain,3
HINOR002,HP-UX,Integration,Norway,2
STITA009,Solaris,Testing,Italy,9
SPFRA006,Solaris,Production,France,6
SSFRA009,Solaris,Staging,France,9
LSIRL030,Linux,Staging,Ireland,30
AIDEU004,AIX,Integration,Germany,4
SSIRL023,Solaris,Staging,Ireland,23
SSESP014,Solaris,Staging,Spain,14
ATESP015,AIX,Testing,Spain,15
STITA010,Solaris,Testing,Italy,10
LSIRL031,Linux,Staging,Ireland,31
LTITA019,Linux,Testing,Italy,19
APDEU014,AIX,Production,Germany,14
LDDEU015,Linux,Development,Germany,15
LSESP010,Linux,Staging,Spain,10
ATITA006,AIX,Testing,Italy,6
LPITA017,Linux,Production,Italy,17
LDNOR002,Linux,Development,Norway,2
APESP012,AIX,Production,Spain,12
LSESP011,Linux,Staging,Spain,11
APESP013,AIX,Production,Spain,13
LTDEU023,Linux,Testing,Germany,23
SPIRL023,Solaris,Production,Ireland,23
STIRL025,Solaris,Testing,Ireland,25
SSESP015,Solaris,Staging,Spain,15
LDIRL016,Linux,Development,Ireland,16
SSDEU019,Solaris,Staging,Germany,19
ADESP003,AIX,Development,Spain,3
STFRA006,Solaris,Testing,France,6
APFRA005,AIX,Production,France,5
APESP014,AIX,Production,Spain,14
LPDEU025,Linux,Production,Germany,25
LSDEU023,Linux,Staging,Germany,23
APIRL023,AIX,Production,Ireland,23
LTDEU024,Linux,Testing,Germany,24
HPDEU012,HP-UX,Production,Germany,12
SSDEU020,Solaris,Staging,Germany,20
LPIRL041,Linux,Production,Ireland,41
LTDEU025,Linux,Testing,Germany,25
HPFRA002,HP-UX,Production,France,2
SPESP017,Solaris,Production,Spain,17
ASESP007,AIX,Staging,Spain,7
ATIRL011,AIX,Testing,Ireland,11
HTDEU006,HP-UX,Testing,Germany,6
HSITA004,HP-UX,Staging,Italy,4
SPDEU022,Solaris,Production,Germany,22
LTFRA009,Linux,Testing,France,9
ATDEU016,AIX,Testing,Germany,16
LTDEU026,Linux,Testing,Germany,26
SPFRA007,Solaris,Production,France,7
SIIRL011,Solaris,Integration,Ireland,11
LIDEU006,Linux,Integration,Germany,6
ADESP004,AIX,Development,Spain,4
LTIRL039,Linux,Testing,Ireland,39
SDESP008,Solaris,Development,Spain,8
HSESP006,HP-UX,Staging,Spain,6
LTFRA010,Linux,Testing,France,10
HSESP007,HP-UX,Staging,Spain,7
SSIRL024,Solaris,Staging,Ireland,24
SIIRL012,Solaris,Integration,Ireland,12
LPFRA009,Linux,Production,France,9
LPITA018,Linux,Production,Italy,18
STIRL026,Solaris,Testing,Ireland,26
SPDEU023,Solaris,Production,Germany,23
STNOR004,Solaris,Testing,Norway,4
SSITA011,Solaris,Staging,Italy,11
LDITA007,Linux,Development,Italy,7
LSDEU024,Linux,Staging,Germany,24
LTFRA011,Linux,Testing,France,11
ADIRL008,AIX,Development,Ireland,8
HPITA002,HP-UX,Production,Italy,2
LDIRL017,Linux,Development,Ireland,17
LSIRL032,Linux,Staging,Ireland,32
HIDEU002,HP-UX,Integration,Germany,2
APDEU015,AIX,Production,Germany,15
HTESP002,HP-UX,Testing,Spain,2
APDEU016,AIX,Production,Germany,16
LDIRL018,Linux,Development,Ireland,18
LPDEU026,Linux,Production,Germany,26
SSIRL025,Solaris,Staging,Ireland,25
SIITA005,Solaris,Integration,Italy,5
ASDEU010,AIX,Staging,Germany,10
AIITA003,AIX,Integration,Italy,3
LSITA019,Linux,Staging,Italy,19
LIESP004,Linux,Integration,Spain,4
ATIRL012,AIX,Testing,Ireland,12
LPIRL042,Linux,Production,Ireland,42
SDNOR003,Solaris,Development,Norway,3
LPIRL043,Linux,Production,Ireland,43
APITA007,AIX,Production,Italy,7
LPIRL044,Linux,Production,Ireland,44
LSIRL033,Linux,Staging,Ireland,33
ATESP016,AIX,Testing,Spain,16
LPFRA010,Linux,Production,France,10
AIDEU005,AIX,Integration,Germany,5
LIIRL014,Linux,Integration,Ireland,14
HPESP004,HP-UX,Production,Spain,4
LSDEU025,Linux,Staging,Germany,25
HIIRL004,HP-UX,Integration,Ireland,4
LTESP020,Linux,Testing,Spain,20
SPIRL024,Solaris,Production,Ireland,24
SPIRL025,Solaris,Production,Ireland,25
SPDEU024,Solaris,Production,Germany,24
LPFRA011,Linux,Production,France,11
SSITA012,Solaris,Staging,Italy,12
HSFRA003,HP-UX,Staging,France,3
SSDEU021,Solaris,Staging,Germany,21
LTDEU027,Linux,Testing,Germany,27
SDITA008,Solaris,Development,Italy,8
APDEU017,AIX,Production,Germany,17
APIRL024,AIX,Production,Ireland,24
ASESP008,AIX,Staging,Spain,8
LSDEU026,Linux,Staging,Germany,26
LSIRL034,Linux,Staging,Ireland,34
STITA011,Solaris,Testing,Italy,11
LTIRL040,Linux,Testing,Ireland,40
STDEU023,Solaris,Testing,Germany,23
SSFRA010,Solaris,Staging,France,10
LPFRA012,Linux,Production,France,12
LDIRL019,Linux,Development,Ireland,19
LPIRL045,Linux,Production,Ireland,45
LPDEU027,Linux,Production,Germany,27
LSDEU027,Linux,Staging,Germany,27
ATIRL013,AIX,Testing,Ireland,13
LPIRL046,Linux,Production,Ireland,46
LPDEU028,Linux,Production,Germany,28
LTITA020,Linux,Testing,Italy,20
STESP013,Solaris,Testing,Spain,13
AIIRL006,AIX,Integration,Ireland,6
HIIRL005,HP-UX,Integration,Ireland,5
AINOR004,AIX,Integration,Norway,4
LIESP005,Linux,Integration,Spain,5
STITA012,Solaris,Testing,Italy,12
STESP014,Solaris,Testing,Spain,14
SSDEU022,Solaris,Staging,Germany,22
HSIRL008,HP-UX,Staging,Ireland,8
LDIRL020,Linux,Development,Ireland,20
ADIRL009,AIX,Development,Ireland,9
LSFRA004,Linux,Staging,France,4
AIFRA002,AIX,Integration,France,2
LTFRA012,Linux,Testing,France,12
LSIRL035,Linux,Staging,Ireland,35
LPESP023,Linux,Production,Spain,23
STITA013,Solaris,Testing,Italy,13
LIDEU007,Linux,Integration,Germany,7
APESP015,AIX,Production,Spain,15
HPIRL008,HP-UX,Production,Ireland,8
SIITA006,Solaris,Integration,Italy,6
LTIRL041,Linux,Testing,Ireland,41
SSDEU023,Solaris,Staging,Germany,23
HPITA003,HP-UX,Production,Italy,3
AIIRL007,AIX,Integration,Ireland,7
ATIRL014,AIX,Testing,Ireland,14
APIRL025,AIX,Production,Ireland,25
HTIRL006,HP-UX,Testing,Ireland,6
LPFRA013,Linux,Production,France,13
LSIRL036,Linux,Staging,Ireland,36
LTNOR006,Linux,Testing,Norway,6
SDIRL011,Solaris,Development,Ireland,11
ADNOR003,AIX,Development,Norway,3
APESP016,AIX,Production,Spain,16
APIRL026,AIX,Production,Ireland,26
LSDEU028,Linux,Staging,Germany,28
HSESP008,HP-UX,Staging,Spain,8
LDIRL021,Linux,Development,Ireland,21
HIFRA002,HP-UX,Integration,France,2
STESP015,Solaris,Testing,Spain,15
HPIRL009,HP-UX,Production,Ireland,9
SIDEU007,Solaris,Integration,Germany,7
LTDEU028,Linux,Testing,Germany,28
LTIRL042,Linux,Testing,Ireland,42
SSFRA011,Solaris,Staging,France,11
SPIRL026,Solaris,Production,Ireland,26
AINOR005,AIX,Integration,Norway,5
LIFRA002,Linux,Integration,France,2
LIDEU008,Linux,Integration,Germany,8
LPDEU029,Linux,Production,Germany,29
SDIRL012,Solaris,Development,Ireland,12
ATESP017,AIX,Testing,Spain,17
ADFRA003,AIX,Development,France,3
LTIRL043,Linux,Testing,Ireland,43
APESP017,AIX,Production,Spain,17
STNOR005,Solaris,Testing,Norway,5
APIRL027,AIX,Production,Ireland,27
LTDEU029,Linux,Testing,Germany,29
ADITA004,AIX,Development,Italy,4
SPFRA008,Solaris,Production,France,8
LSESP012,Linux,Staging,Spain,12
STFRA007,Solaris,Testing,France,7
STFRA008,Solaris,Testing,France,8
HPDEU013,HP-UX,Production,Germany,13
ATESP018,AIX,Testing,Spain,18
ATIRL015,AIX,Testing,Ireland,15
SDITA009,Solaris,Development,Italy,9
LTESP021,Linux,Testing,Spain,21
LTDEU030,Linux,Testing,Germany,30
SIIRL013,Solaris,Integration,Ireland,13
ATDEU017,AIX,Testing,Germany,17
ASIRL013,AIX,Staging,Ireland,13
LIESP006,Linux,Integration,Spain,6
LTIRL044,Linux,Testing,Ireland,44
STDEU024,Solaris,Testing,Germany,24
LSITA020,Linux,Staging,Italy,20
SSESP016,Solaris,Staging,Spain,16
LTITA021,Linux,Testing,Italy,21
SPESP018,Solaris,Production,Spain,18
SDESP009,Solaris,Development,Spain,9
STESP016,Solaris,Testing,Spain,16
LSDEU029,Linux,Staging,Germany,29
APIRL028,AIX,Production,Ireland,28
ATIRL016,AIX,Testing,Ireland,16
ASESP009,AIX,Staging,Spain,9
HTIRL007,HP-UX,Testing,Ireland,7
SDIRL013,Solaris,Development,Ireland,13
APITA008,AIX,Production,Italy,8
ASESP010,AIX,Staging,Spain,10
APDEU018,AIX,Production,Germany,18
SSIRL026,Solaris,Staging,Ireland,26
SPITA008,Solaris,Production,Italy,8
HSIRL009,HP-UX,Staging,Ireland,9
APIRL029,AIX,Production,Ireland,29
LSIRL037,Linux,Staging,Ireland,37
HSNOR004,HP-UX,Staging,Norway,4
HSIRL010,HP-UX,Staging,Ireland,10
SSDEU024,Solaris,Staging,Germany,24
LIFRA003,Linux,Integration,France,3
LSITA021,Linux,Staging,Italy,21
LPITA019,Linux,Production,Italy,19
LTITA022,Linux,Testing,Italy,22
ASFRA006,AIX,Staging,France,6
HTIRL008,HP-UX,Testing,Ireland,8
APIRL030,AIX,Production,Ireland,30
LPIRL047,Linux,Production,Ireland,47
HPESP005,HP-UX,Production,Spain,5
STIRL027,Solaris,Testing,Ireland,27
SPDEU025,Solaris,Production,Germany,25
LTESP022,Linux,Testing,Spain,22
SSIRL027,Solaris,Staging,Ireland,27
SPDEU026,Solaris,Production,Germany,26
LPDEU030,Linux,Production,Germany,30
ASIRL014,AIX,Staging,Ireland,14
SSNOR008,Solaris,Staging,Norway,8
LPIRL048,Linux,Production,Ireland,48
ASESP011,AIX,Staging,Spain,11
SPNOR006,Solaris,Production,Norway,6
HPESP006,HP-UX,Production,Spain,6
HDESP003,HP-UX,Development,Spain,3
LTDEU031,Linux,Testing,Germany,31
ATIRL017,AIX,Testing,Ireland,17
LTDEU032,Linux,Testing,Germany,32
SPDEU027,Solaris,Production,Germany,27
LPIRL049,Linux,Production,Ireland,49
LTESP023,Linux,Testing,Spain,23
AIESP004,AIX,Integration,Spain,4
SPDEU028,Solaris,Production,Germany,28
LTIRL045,Linux,Testing,Ireland,45
LDIRL022,Linux,Development,Ireland,22
APIRL031,AIX,Production,Ireland,31
STESP017,Solaris,Testing,Spain,17
STITA014,Solaris,Testing,Italy,14
SSDEU025,Solaris,Staging,Germany,25
LTITA023,Linux,Testing,Italy,23
LPDEU031,Linux,Production,Germany,31
LTIRL046,Linux,Testing,Ireland,46
LSITA022,Linux,Staging,Italy,22
LPIRL050,Linux,Production,Ireland,50
SSIRL028,Solaris,Staging,Ireland,28
LPDEU032,Linux,Production,Germany,32
LTESP024,Linux,Testing,Spain,24
LIIRL015,Linux,Integration,Ireland,15
LIFRA004,Linux,Integration,France,4
HSITA005,HP-UX,Staging,Italy,5
LDNOR003,Linux,Development,Norway,3
HSITA006,HP-UX,Staging,Italy,6
LPDEU033,Linux,Production,Germany,33
LSESP013,Linux,Staging,Spain,13
SSIRL029,Solaris,Staging,Ireland,29
STNOR006,Solaris,Testing,Norway,6
SSITA013,Solaris,Staging,Italy,13
LTESP025,Linux,Testing,Spain,25
SPIRL027,Solaris,Production,Ireland,27
SPFRA009,Solaris,Production,France,9
SSFRA012,Solaris,Staging,France,12
LSITA023,Linux,Staging,Italy,23
LSDEU030,Linux,Staging,Germany,30
LSDEU031,Linux,Staging,Germany,31
LPESP024,Linux,Production,Spain,24
LSDEU032,Linux,Staging,Germany,32
SDITA010,Solaris,Development,Italy,10
LSITA024,Linux,Staging,Italy,24
SPESP019,Solaris,Production,Spain,19
LPDEU034,Linux,Production,Germany,34
SPDEU029,Solaris,Production,Germany,29
LPIRL051,Linux,Production,Ireland,51
SIIRL014,Solaris,Integration,Ireland,14
HPESP007,HP-UX,Production,Spain,7
STIRL028,Solaris,Testing,Ireland,28
ATFRA006,AIX,Testing,France,6
SSDEU026,Solaris,Staging,Germany,26
SPIRL028,Solaris,Production,Ireland,28
ASESP012,AIX,Staging,Spain,12
HDIRL003,HP-UX,Development,Ireland,3
SPIRL029,Solaris,Production,Ireland,29
LSIRL038,Linux,Staging,Ireland,38
LTIRL047,Linux,Testing,Ireland,47
SIESP003,Solaris,Integration,Spain,3
LPITA020,Linux,Production,Italy,20
LDIRL023,Linux,Development,Ireland,23
LSIRL039,Linux,Staging,Ireland,39
LSNOR007,Linux,Staging,Norway,7
LTESP026,Linux,Testing,Spain,26
LSFRA005,Linux,Staging,France,5
LPITA021,Linux,Production,Italy,21
APIRL032,AIX,Production,Ireland,32
STDEU025,Solaris,Testing,Germany,25
HTDEU007,HP-UX,Testing,Germany,7
HTDEU008,HP-UX,Testing,Germany,8
ATIRL018,AIX,Testing,Ireland,18
STIRL029,Solaris,Testing,Ireland,29
APNOR005,AIX,Production,Norway,5
SPESP020,Solaris,Production,Spain,20
STIRL030,Solaris,Testing,Ireland,30
LIDEU009,Linux,Integration,Germany,9
HPITA004,HP-UX,Production,Italy,4
LSNOR008,Linux,Staging,Norway,8
LDNOR004,Linux,Development,Norway,4
SPDEU030,Solaris,Production,Germany,30
SPNOR007,Solaris,Production,Norway,7
LDDEU016,Linux,Development,Germany,16
SPDEU031,Solaris,Production,Germany,31
LSIRL040,Linux,Staging,Ireland,40
LSITA025,Linux,Staging,Italy,25
LPDEU035,Linux,Production,Germany,35
LPDEU036,Linux,Production,Germany,36
SDDEU007,Solaris,Development,Germany,7
APDEU019,AIX,Production,Germany,19
LIIRL016,Linux,Integration,Ireland,16
SSIRL030,Solaris,Staging,Ireland,30
APIRL033,AIX,Production,Ireland,33
LTIRL048,Linux,Testing,Ireland,48
APNOR006,AIX,Production,Norway,6
SIDEU008,Solaris,Integration,Germany,8
LSITA026,Linux,Staging,Italy,26
SSESP017,Solaris,Staging,Spain,17
LTIRL049,Linux,Testing,Ireland,49
AIFRA003,AIX,Integration,France,3
APNOR007,AIX,Production,Norway,7
SIDEU009,Solaris,Integration,Germany,9
ATITA007,AIX,Testing,Italy,7
LPIRL052,Linux,Production,Ireland,52
LIFRA005,Linux,Integration,France,5
LSITA027,Linux,Staging,Italy,27
ADFRA004,AIX,Development,France,4
HSIRL011,HP-UX,Staging,Ireland,11
ASITA008,AIX,Staging,Italy,8
SPESP021,Solaris,Production,Spain,21
SDDEU008,Solaris,Development,Germany,8
LIDEU010,Linux,Integration,Germany,10
HDITA004,HP-UX,Development,Italy,4
SDDEU009,Solaris,Development,Germany,9
LDESP009,Linux,Development,Spain,9
SPNOR008,Solaris,Production,Norway,8
LTDEU033,Linux,Testing,Germany,33
SPESP022,Solaris,Production,Spain,22
SIFRA003,Solaris,Integration,France,3
AIITA004,AIX,Integration,Italy,4
APITA009,AIX,Production,Italy,9
LSITA028,Linux,Staging,Italy,28
ASITA009,AIX,Staging,Italy,9
ADIRL010,AIX,Development,Ireland,10
ASIRL015,AIX,Staging,Ireland,15
ATESP019,AIX,Testing,Spain,19
LSDEU033,Linux,Staging,Germany,33
HSITA007,HP-UX,Staging,Italy,7
LIIRL017,Linux,Integration,Ireland,17
SSDEU027,Solaris,Staging,Germany,27
ASNOR003,AIX,Staging,Norway,3
APESP018,AIX,Production,Spain,18
STDEU026,Solaris,Testing,Germany,26
APIRL034,AIX,Production,Ireland,34
LSIRL041,Linux,Staging,Ireland,41
AIESP005,AIX,Integration,Spain,5
LDDEU017,Linux,Development,Germany,17
LSDEU034,Linux,Staging,Germany,34
SSIRL031,Solaris,Staging,Ireland,31
LSESP014,Linux,Staging,Spain,14
AINOR006,AIX,Integration,Norway,6
SSITA014,Solaris,Staging,Italy,14
LSIRL042,Linux,Staging,Ireland,42
SSIRL032,Solaris,Staging,Ireland,32
LSIRL043,Linux,Staging,Ireland,43
APIRL035,AIX,Production,Ireland,35
ASIRL016,AIX,Staging,Ireland,16
ATNOR002,AIX,Testing,Norway,2
LPIRL053,Linux,Production,Ireland,53
LTFRA013,Linux,Testing,France,13
HTFRA004,HP-UX,Testing,France,4
LTIRL050,Linux,Testing,Ireland,50
APFRA006,AIX,Production,France,6
SPITA009,Solaris,Production,Italy,9
SIIRL015,Solaris,Integration,Ireland,15
SSDEU028,Solaris,Staging,Germany,28
LTDEU034,Linux,Testing,Germany,34
APIRL036,AIX,Production,Ireland,36
LTESP027,Linux,Testing,Spain,27
HSESP009,HP-UX,Staging,Spain,9
LPDEU037,Linux,Production,Germany,37
SPESP023,Solaris,Production,Spain,23
ASDEU011,AIX,Staging,Germany,11
LPIRL054,Linux,Production,Ireland,54
LTITA024,Linux,Testing,Italy,24
APIRL037,AIX,Production,Ireland,37
SDDEU010,Solaris,Development,Germany,10
SDFRA002,Solaris,Development,France,2
SSIRL033,Solaris,Staging,Ireland,33
APESP019,AIX,Production,Spain,19
APESP020,AIX,Production,Spain,20
STITA015,Solaris,Testing,Italy,15
LSNOR009,Linux,Staging,Norway,9
APESP021,AIX,Production,Spain,21
ATITA008,AIX,Testing,Italy,8
SSITA015,Solaris,Staging,Italy,15
LPDEU038,Linux,Production,Germany,38
AIDEU006,AIX,Integration,Germany,6
LTDEU035,Linux,Testing,Germany,35
LPDEU039,Linux,Production,Germany,39
APDEU020,AIX,Production,Germany,20
STNOR007,Solaris,Testing,Norway,7
SIIRL016,Solaris,Integration,Ireland,16
SDDEU011,Solaris,Development,Germany,11
SDITA011,Solaris,Development,Italy,11
SPITA010,Solaris,Production,Italy,10
LTNOR007,Linux,Testing,Norway,7
LSIRL044,Linux,Staging,Ireland,44
LIIRL018,Linux,Integration,Ireland,18
STFRA009,Solaris,Testing,France,9
LTIRL051,Linux,Testing,Ireland,51
LPESP025,Linux,Production,Spain,25
SPIRL030,Solaris,Production,Ireland,30
ASITA010,AIX,Staging,Italy,10
LDESP010,Linux,Development,Spain,10
SSITA016,Solaris,Staging,Italy,16
ATDEU018,AIX,Testing,Germany,18
LPIRL055,Linux,Production,Ireland,55
LTESP028,Linux,Testing,Spain,28
LSFRA006,Linux,Staging,France,6
SSITA017,Solaris,Staging,Italy,17
STITA016,Solaris,Testing,Italy,16
LTITA025,Linux,Testing,Italy,25
SPIRL031,Solaris,Production,Ireland,31
LSFRA007,Linux,Staging,France,7
HPDEU014,HP-UX,Production,Germany,14
HSNOR005,HP-UX,Staging,Norway,5
STESP018,Solaris,Testing,Spain,18
ASDEU012,AIX,Staging,Germany,12
LTITA026,Linux,Testing,Italy,26
APDEU021,AIX,Production,Germany,21
HIITA001,HP-UX,Integration,Italy,1
STIRL031,Solaris,Testing,Ireland,31
LSIRL045,Linux,Staging,Ireland,45
SPITA011,Solaris,Production,Italy,11
HPDEU015,HP-UX,Production,Germany,15
SPDEU032,Solaris,Production,Germany,32
LSIRL046,Linux,Staging,Ireland,46
ASDEU013,AIX,Staging,Germany,13
LTESP029,Linux,Testing,Spain,29
APITA010,AIX,Production,Italy,10
SSESP018,Solaris,Staging,Spain,18
SPITA012,Solaris,Production,Italy,12
LTDEU036,Linux,Testing,Germany,36
ASESP013,AIX,Staging,Spain,13
APDEU022,AIX,Production,Germany,22
ATFRA007,AIX,Testing,France,7
SPITA013,Solaris,Production,Italy,13
SIESP004,Solaris,Integration,Spain,4
SPDEU033,Solaris,Production,Germany,33
SSNOR009,Solaris,Staging,Norway,9
STIRL032,Solaris,Testing,Ireland,32
ASESP014,AIX,Staging,Spain,14
SIDEU010,Solaris,Integration,Germany,10
LSITA029,Linux,Staging,Italy,29
HTFRA005,HP-UX,Testing,France,5
LTITA027,Linux,Testing,Italy,27
SPITA014,Solaris,Production,Italy,14
LTNOR008,Linux,Testing,Norway,8
LPFRA014,Linux,Production,France,14
LSITA030,Linux,Staging,Italy,30
SPIRL032,Solaris,Production,Ireland,32
ASIRL017,AIX,Staging,Ireland,17
HTESP003,HP-UX,Testing,Spain,3
SPDEU034,Solaris,Production,Germany,34
AIIRL008,AIX,Integration,Ireland,8
LSITA031,Linux,Staging,Italy,31
LPITA022,Linux,Production,Italy,22
SPESP024,Solaris,Production,Spain,24
HPITA005,HP-UX,Production,Italy,5
ADIRL011,AIX,Development,Ireland,11
SPESP025,Solaris,Production,Spain,25
HPESP008,HP-UX,Production,Spain,8
SPESP026,Solaris,Production,Spain,26
APESP022,AIX,Production,Spain,22
LTIRL052,Linux,Testing,Ireland,52
HSITA008,HP-UX,Staging,Italy,8
LPDEU040,Linux,Production,Germany,40
STIRL033,Solaris,Testing,Ireland,33
APIRL038,AIX,Production,Ireland,38
LPDEU041,Linux,Production,Germany,41
APIRL039,AIX,Production,Ireland,39
LPDEU042,Linux,Production,Germany,42
SSFRA013,Solaris,Staging,France,13
ASFRA007,AIX,Staging,France,7
LIFRA006,Linux,Integration,France,6
STDEU027,Solaris,Testing,Germany,27
LTNOR009,Linux,Testing,Norway,9
APITA011,AIX,Production,Italy,11
LIFRA007,Linux,Integration,France,7
SPESP027,Solaris,Production,Spain,27
SPDEU035,Solaris,Production,Germany,35
APFRA007,AIX,Production,France,7
STDEU028,Solaris,Testing,Germany,28
SPESP028,Solaris,Production,Spain,28
SDDEU012,Solaris,Development,Germany,12
LIESP007,Linux,Integration,Spain,7
SPIRL033,Solaris,Production,Ireland,33
LTESP030,Linux,Testing,Spain,30
SPIRL034,Solaris,Production,Ireland,34
LPIRL056,Linux,Production,Ireland,56
LPITA023,Linux,Production,Italy,23
ASIRL018,AIX,Staging,Ireland,18
LTITA028,Linux,Testing,Italy,28
APITA012,AIX,Production,Italy,12
ASIRL019,AIX,Staging,Ireland,19
LTITA029,Linux,Testing,Italy,29
SSIRL034,Solaris,Staging,Ireland,34
LSIRL047,Linux,Staging,Ireland,47
LTESP031,Linux,Testing,Spain,31
SSIRL035,Solaris,Staging,Ireland,35
STDEU029,Solaris,Testing,Germany,29
ADFRA005,AIX,Development,France,5
LPESP026,Linux,Production,Spain,26
LSDEU035,Linux,Staging,Germany,35
